,df sdf,sdf sdfdf sdf,0.000000,1.000000
sdf sdf,2.000000,0.000000
